tidspunkt,symbol,handling,pris,mengde_coin,beløp_usdt,fee_usdt,grunn,gevinst_usdt,gevinst_prosent,dca_level
2026-03-28 20:11:14,ETHUSDT,KJØP,2022.07,0.049454,100.0,0.1,"RSI=54.9 < 55, DCA#1 | Handelsbeløp: 100.00 USDT | Min salgspris: 2,026.11",0.0,0.0,1
2026-03-28 20:11:14,SOLUSDT,KJØP,83.38,1.199328,100.0,0.1,"RSI=49.6 < 55, DCA#1 | Handelsbeløp: 100.00 USDT | Min salgspris: 83.55",0.0,0.0,1
2026-03-28 20:26:19,BTCUSDT,KJØP,66844.17,0.001496,100.0,0.1,"RSI=52.1 < 55, DCA#1 | Handelsbeløp: 100.00 USDT | Min salgspris: 66,977.86",0.0,0.0,1
2026-03-28 20:26:19,ETHUSDT,KJØP,2018.74,0.049536,100.0,0.1,"RSI=49.5 < 55, DCA#2 | Handelsbeløp: 100.00 USDT | Min salgspris: 2,022.78",0.0,0.0,2
2026-03-28 20:26:20,SOLUSDT,KJØP,83.16,1.202501,100.0,0.1,"RSI=44.1 < 55, DCA#2 | Handelsbeløp: 100.00 USDT | Min salgspris: 83.33",0.0,0.0,2
2026-03-28 20:41:25,BTCUSDT,KJØP,66854.68,0.001496,100.0,0.1,"RSI=52.6 < 55, DCA#2 | Handelsbeløp: 100.00 USDT | Min salgspris: 66,988.39",0.0,0.0,2
2026-03-28 20:41:25,ETHUSDT,KJØP,2020.08,0.049503,100.0,0.1,"RSI=51.6 < 55, DCA#3 | Handelsbeløp: 100.00 USDT | Min salgspris: 2,024.12",0.0,0.0,3
2026-03-28 20:41:26,SOLUSDT,KJØP,83.21,1.201779,100.0,0.1,"RSI=45.6 < 55, DCA#3 | Handelsbeløp: 100.00 USDT | Min salgspris: 83.38",0.0,0.0,3
2026-03-28 20:56:27,BTCUSDT,KJØP,66845.11,0.001496,100.0,0.1,"RSI=52.1 < 55, DCA#3 | Handelsbeløp: 100.00 USDT | Min salgspris: 66,978.80",0.0,0.0,3
2026-03-28 20:56:28,ETHUSDT,VENTER,2019.71,0.0,0.0,0.0,Maks DCA-nivå (3) nådd for ETHUSDT – ingen ny kjøpsordre,0.0,0.0,0
2026-03-28 20:56:28,SOLUSDT,VENTER,83.16,0.0,0.0,0.0,Maks DCA-nivå (3) nådd for SOLUSDT – ingen ny kjøpsordre,0.0,0.0,0
2026-03-28 21:04:20,ETHUSDT,KJØP,2023.83,0.0494,99.98,0.1,"RSI=52.2 < 55, DCA#1 | Handelsbeløp: 99.98 USDT | Min salgspris: 2,027.88",0.0,0.0,1
2026-03-28 21:04:21,SOLUSDT,KJØP,83.42,1.198,99.94,0.0999,"RSI=48.0 < 55, DCA#1 | Handelsbeløp: 99.94 USDT | Min salgspris: 83.59",0.0,0.0,1
2026-03-28 21:19:25,ETHUSDT,VENTER,2025.19,0.0,0.0,0.0,"Holder 1 posisjon(er) for ETHUSDT – RSI=59.3, endring=0.07% fra snitt",0.0,0.0,0
2026-03-28 21:19:26,SOLUSDT,KJØP,83.47,1.198,100.0,0.1,"RSI=53.4 < 55, DCA#2 | Handelsbeløp: 100.00 USDT | Min salgspris: 83.64",0.0,0.0,2
2026-03-28 21:34:29,ETHUSDT,VENTER,2023.5,0.0,0.0,0.0,"Holder 1 posisjon(er) for ETHUSDT – RSI=56.1, endring=-0.02% fra snitt",0.0,0.0,0
2026-03-28 21:34:30,SOLUSDT,KJØP,83.4,1.199,100.0,0.1,"RSI=50.7 < 55, DCA#3 | Handelsbeløp: 100.00 USDT | Min salgspris: 83.57",0.0,0.0,3
2026-03-28 22:40:52,BTCUSDT,KJØP,66866.71,0.00149,99.63,0.0996,"RSI=48.4 < 55, DCA#1 | Handelsbeløp: 99.63 USDT | Min salgspris: 67,000.44",0.0,0.0,1
2026-03-28 22:40:53,ETHUSDT,KJØP,2018.8,0.0495,99.93,0.0999,"RSI=48.2 < 55, DCA#1 | Handelsbeløp: 99.93 USDT | Min salgspris: 2,022.84",0.0,0.0,1
2026-03-28 22:40:54,SOLUSDT,KJØP,82.83,1.207,99.98,0.1,"RSI=40.6 < 55, DCA#1 | Handelsbeløp: 99.98 USDT | Min salgspris: 83.00",0.0,0.0,1
2026-03-28 22:57:26,BTCUSDT,KJØP,66710.33,0.00149,99.4,0.0994,"RSI=51.6 < 55, DCA#1 | Handelsbeløp: 99.40 USDT | Min salgspris: 66,843.75",0.0,0.0,1
2026-03-28 22:57:27,ETHUSDT,KJØP,2010.31,0.0497,99.91,0.0999,"RSI=48.5 < 55, DCA#1 | Handelsbeløp: 99.91 USDT | Min salgspris: 2,014.33",0.0,0.0,1
2026-03-28 22:57:28,SOLUSDT,KJØP,82.72,1.208,99.93,0.0999,"RSI=40.4 < 55, DCA#1 | Handelsbeløp: 99.93 USDT | Min salgspris: 82.89",0.0,0.0,1
2026-03-28 23:12:33,BTCUSDT,KJØP,66630.25,0.0015,99.95,0.0999,"RSI=41.8 < 55, DCA#2 | Handelsbeløp: 99.95 USDT | Min salgspris: 66,763.51",0.0,0.0,2
2026-03-28 23:12:34,ETHUSDT,KJØP,2007.78,0.0498,99.99,0.1,"RSI=36.4 < 55, DCA#2 | Handelsbeløp: 99.99 USDT | Min salgspris: 2,011.80",0.0,0.0,2
2026-03-28 23:12:35,SOLUSDT,KJØP,82.58,1.21,99.92,0.0999,"RSI=35.3 < 55, DCA#2 | Handelsbeløp: 99.92 USDT | Min salgspris: 82.75",0.0,0.0,2
2026-03-28 23:27:40,BTCUSDT,KJØP,66746.79,0.00149,99.45,0.0995,"RSI=38.2 < 55, DCA#3 | Handelsbeløp: 99.45 USDT | Min salgspris: 66,880.28",0.0,0.0,3
2026-03-28 23:27:40,ETHUSDT,KJØP,2011.29,0.0497,99.96,0.1,"RSI=32.7 < 55, DCA#3 | Handelsbeløp: 99.96 USDT | Min salgspris: 2,015.31",0.0,0.0,3
2026-03-28 23:27:41,SOLUSDT,KJØP,82.81,1.207,99.95,0.1,"RSI=31.4 < 55, DCA#3 | Handelsbeløp: 99.95 USDT | Min salgspris: 82.98",0.0,0.0,3
2026-03-28 23:42:45,BTCUSDT,VENTER,66701.5,0.0,0.0,0.0,Maks DCA-nivå (3) nådd for BTCUSDT – ingen ny kjøpsordre,0.0,0.0,0
2026-03-28 23:42:45,ETHUSDT,VENTER,2011.52,0.0,0.0,0.0,Maks DCA-nivå (3) nådd for ETHUSDT – ingen ny kjøpsordre,0.0,0.0,0
2026-03-28 23:42:45,SOLUSDT,VENTER,82.81,0.0,0.0,0.0,Maks DCA-nivå (3) nådd for SOLUSDT – ingen ny kjøpsordre,0.0,0.0,0
2026-03-28 23:57:49,BTCUSDT,VENTER,66707.25,0.0,0.0,0.0,Maks DCA-nivå (3) nådd for BTCUSDT – ingen ny kjøpsordre,0.0,0.0,0
2026-03-28 23:57:49,ETHUSDT,VENTER,2009.81,0.0,0.0,0.0,Maks DCA-nivå (3) nådd for ETHUSDT – ingen ny kjøpsordre,0.0,0.0,0
2026-03-28 23:57:49,SOLUSDT,VENTER,82.75,0.0,0.0,0.0,Maks DCA-nivå (3) nådd for SOLUSDT – ingen ny kjøpsordre,0.0,0.0,0
2026-03-29 00:12:53,BTCUSDT,VENTER,66755.89,0.0,0.0,0.0,Maks DCA-nivå (3) nådd for BTCUSDT – ingen ny kjøpsordre,0.0,0.0,0
2026-03-29 00:12:53,ETHUSDT,VENTER,2011.88,0.0,0.0,0.0,Maks DCA-nivå (3) nådd for ETHUSDT – ingen ny kjøpsordre,0.0,0.0,0
2026-03-29 00:12:53,SOLUSDT,VENTER,82.81,0.0,0.0,0.0,Maks DCA-nivå (3) nådd for SOLUSDT – ingen ny kjøpsordre,0.0,0.0,0
2026-03-29 00:27:56,BTCUSDT,VENTER,66415.01,0.0,0.0,0.0,Maks DCA-nivå (3) nådd for BTCUSDT – ingen ny kjøpsordre,0.0,0.0,0
2026-03-29 00:27:56,ETHUSDT,VENTER,1996.07,0.0,0.0,0.0,Maks DCA-nivå (3) nådd for ETHUSDT – ingen ny kjøpsordre,0.0,0.0,0
2026-03-29 00:27:56,SOLUSDT,VENTER,82.04,0.0,0.0,0.0,Maks DCA-nivå (3) nådd for SOLUSDT – ingen ny kjøpsordre,0.0,0.0,0
2026-03-29 00:42:59,BTCUSDT,VENTER,66400.83,0.0,0.0,0.0,Maks DCA-nivå (3) nådd for BTCUSDT – ingen ny kjøpsordre,0.0,0.0,0
2026-03-29 00:42:59,ETHUSDT,VENTER,1996.47,0.0,0.0,0.0,Maks DCA-nivå (3) nådd for ETHUSDT – ingen ny kjøpsordre,0.0,0.0,0
2026-03-29 00:42:59,SOLUSDT,VENTER,82.08,0.0,0.0,0.0,Maks DCA-nivå (3) nådd for SOLUSDT – ingen ny kjøpsordre,0.0,0.0,0
2026-03-29 00:58:04,BTCUSDT,VENTER,66400.0,0.0,0.0,0.0,Maks DCA-nivå (3) nådd for BTCUSDT – ingen ny kjøpsordre,0.0,0.0,0
2026-03-29 00:58:04,ETHUSDT,VENTER,1995.24,0.0,0.0,0.0,Maks DCA-nivå (3) nådd for ETHUSDT – ingen ny kjøpsordre,0.0,0.0,0
2026-03-29 00:58:04,SOLUSDT,VENTER,82.06,0.0,0.0,0.0,Maks DCA-nivå (3) nådd for SOLUSDT – ingen ny kjøpsordre,0.0,0.0,0
2026-03-29 01:13:08,BTCUSDT,VENTER,66373.33,0.0,0.0,0.0,Maks DCA-nivå (3) nådd for BTCUSDT – ingen ny kjøpsordre,0.0,0.0,0
2026-03-29 01:13:08,ETHUSDT,VENTER,1994.28,0.0,0.0,0.0,Maks DCA-nivå (3) nådd for ETHUSDT – ingen ny kjøpsordre,0.0,0.0,0
2026-03-29 01:13:08,SOLUSDT,VENTER,82.06,0.0,0.0,0.0,Maks DCA-nivå (3) nådd for SOLUSDT – ingen ny kjøpsordre,0.0,0.0,0
2026-03-29 01:28:11,BTCUSDT,VENTER,66411.93,0.0,0.0,0.0,Maks DCA-nivå (3) nådd for BTCUSDT – ingen ny kjøpsordre,0.0,0.0,0
2026-03-29 01:28:11,ETHUSDT,VENTER,1995.33,0.0,0.0,0.0,Maks DCA-nivå (3) nådd for ETHUSDT – ingen ny kjøpsordre,0.0,0.0,0
2026-03-29 01:28:11,SOLUSDT,VENTER,82.09,0.0,0.0,0.0,Maks DCA-nivå (3) nådd for SOLUSDT – ingen ny kjøpsordre,0.0,0.0,0
2026-03-29 01:43:14,BTCUSDT,VENTER,66399.76,0.0,0.0,0.0,Maks DCA-nivå (3) nådd for BTCUSDT – ingen ny kjøpsordre,0.0,0.0,0
2026-03-29 01:43:14,ETHUSDT,VENTER,1993.85,0.0,0.0,0.0,Maks DCA-nivå (3) nådd for ETHUSDT – ingen ny kjøpsordre,0.0,0.0,0
2026-03-29 01:43:14,SOLUSDT,VENTER,81.97,0.0,0.0,0.0,Maks DCA-nivå (3) nådd for SOLUSDT – ingen ny kjøpsordre,0.0,0.0,0
2026-03-29 01:58:18,BTCUSDT,VENTER,66400.82,0.0,0.0,0.0,Maks DCA-nivå (3) nådd for BTCUSDT – ingen ny kjøpsordre,0.0,0.0,0
2026-03-29 01:58:18,ETHUSDT,VENTER,1994.59,0.0,0.0,0.0,Maks DCA-nivå (3) nådd for ETHUSDT – ingen ny kjøpsordre,0.0,0.0,0
2026-03-29 01:58:18,SOLUSDT,VENTER,82.04,0.0,0.0,0.0,Maks DCA-nivå (3) nådd for SOLUSDT – ingen ny kjøpsordre,0.0,0.0,0
2026-03-29 03:00:21,BTCUSDT,VENTER,66487.94,0.0,0.0,0.0,Maks DCA-nivå (3) nådd for BTCUSDT – ingen ny kjøpsordre,0.0,0.0,0
2026-03-29 03:00:21,ETHUSDT,VENTER,1999.2,0.0,0.0,0.0,Maks DCA-nivå (3) nådd for ETHUSDT – ingen ny kjøpsordre,0.0,0.0,0
2026-03-29 03:00:21,SOLUSDT,VENTER,82.22,0.0,0.0,0.0,Maks DCA-nivå (3) nådd for SOLUSDT – ingen ny kjøpsordre,0.0,0.0,0
2026-03-29 03:15:25,BTCUSDT,VENTER,66558.59,0.0,0.0,0.0,Maks DCA-nivå (3) nådd for BTCUSDT – ingen ny kjøpsordre,0.0,0.0,0
2026-03-29 03:15:25,ETHUSDT,VENTER,2003.88,0.0,0.0,0.0,Maks DCA-nivå (3) nådd for ETHUSDT – ingen ny kjøpsordre,0.0,0.0,0
2026-03-29 03:15:25,SOLUSDT,VENTER,82.37,0.0,0.0,0.0,Maks DCA-nivå (3) nådd for SOLUSDT – ingen ny kjøpsordre,0.0,0.0,0
2026-03-29 03:30:30,BTCUSDT,VENTER,66575.72,0.0,0.0,0.0,Maks DCA-nivå (3) nådd for BTCUSDT – ingen ny kjøpsordre,0.0,0.0,0
2026-03-29 03:30:30,ETHUSDT,VENTER,2005.03,0.0,0.0,0.0,Maks DCA-nivå (3) nådd for ETHUSDT – ingen ny kjøpsordre,0.0,0.0,0
2026-03-29 03:30:30,SOLUSDT,VENTER,82.37,0.0,0.0,0.0,Maks DCA-nivå (3) nådd for SOLUSDT – ingen ny kjøpsordre,0.0,0.0,0
2026-03-29 03:45:31,BTCUSDT,VENTER,66484.86,0.0,0.0,0.0,Maks DCA-nivå (3) nådd for BTCUSDT – ingen ny kjøpsordre,0.0,0.0,0
2026-03-29 03:45:31,ETHUSDT,VENTER,2002.23,0.0,0.0,0.0,Maks DCA-nivå (3) nådd for ETHUSDT – ingen ny kjøpsordre,0.0,0.0,0
2026-03-29 03:45:31,SOLUSDT,VENTER,82.33,0.0,0.0,0.0,Maks DCA-nivå (3) nådd for SOLUSDT – ingen ny kjøpsordre,0.0,0.0,0
2026-03-29 04:00:36,BTCUSDT,VENTER,66574.64,0.0,0.0,0.0,Maks DCA-nivå (3) nådd for BTCUSDT – ingen ny kjøpsordre,0.0,0.0,0
2026-03-29 04:00:36,ETHUSDT,VENTER,2005.21,0.0,0.0,0.0,Maks DCA-nivå (3) nådd for ETHUSDT – ingen ny kjøpsordre,0.0,0.0,0
2026-03-29 04:00:36,SOLUSDT,VENTER,82.49,0.0,0.0,0.0,Maks DCA-nivå (3) nådd for SOLUSDT – ingen ny kjøpsordre,0.0,0.0,0
2026-03-29 04:15:39,BTCUSDT,VENTER,66619.99,0.0,0.0,0.0,Maks DCA-nivå (3) nådd for BTCUSDT – ingen ny kjøpsordre,0.0,0.0,0
2026-03-29 04:15:39,ETHUSDT,VENTER,2005.7,0.0,0.0,0.0,Maks DCA-nivå (3) nådd for ETHUSDT – ingen ny kjøpsordre,0.0,0.0,0
2026-03-29 04:15:39,SOLUSDT,VENTER,82.58,0.0,0.0,0.0,Maks DCA-nivå (3) nådd for SOLUSDT – ingen ny kjøpsordre,0.0,0.0,0
2026-03-29 04:30:43,BTCUSDT,VENTER,66654.66,0.0,0.0,0.0,Maks DCA-nivå (3) nådd for BTCUSDT – ingen ny kjøpsordre,0.0,0.0,0
2026-03-29 04:30:43,ETHUSDT,VENTER,2005.27,0.0,0.0,0.0,Maks DCA-nivå (3) nådd for ETHUSDT – ingen ny kjøpsordre,0.0,0.0,0
2026-03-29 04:30:43,SOLUSDT,VENTER,82.59,0.0,0.0,0.0,Maks DCA-nivå (3) nådd for SOLUSDT – ingen ny kjøpsordre,0.0,0.0,0
2026-03-29 04:45:47,BTCUSDT,VENTER,66712.21,0.0,0.0,0.0,"Holder 3 posisjon(er) for BTCUSDT – RSI=56.1, endring=0.02% fra snitt",0.0,0.0,0
2026-03-29 04:45:47,ETHUSDT,VENTER,2006.61,0.0,0.0,0.0,Maks DCA-nivå (3) nådd for ETHUSDT – ingen ny kjøpsordre,0.0,0.0,0
2026-03-29 04:45:47,SOLUSDT,VENTER,82.71,0.0,0.0,0.0,Maks DCA-nivå (3) nådd for SOLUSDT – ingen ny kjøpsordre,0.0,0.0,0
2026-03-29 05:00:51,BTCUSDT,VENTER,66784.8,0.0,0.0,0.0,"Holder 3 posisjon(er) for BTCUSDT – RSI=60.0, endring=0.13% fra snitt",0.0,0.0,0
2026-03-29 05:00:51,ETHUSDT,VENTER,2008.47,0.0,0.0,0.0,Maks DCA-nivå (3) nådd for ETHUSDT – ingen ny kjøpsordre,0.0,0.0,0
2026-03-29 05:00:51,SOLUSDT,VENTER,82.74,0.0,0.0,0.0,Maks DCA-nivå (3) nådd for SOLUSDT – ingen ny kjøpsordre,0.0,0.0,0
2026-03-29 05:15:55,BTCUSDT,VENTER,66802.23,0.0,0.0,0.0,"Holder 3 posisjon(er) for BTCUSDT – RSI=60.8, endring=0.16% fra snitt",0.0,0.0,0
2026-03-29 05:15:55,ETHUSDT,VENTER,2007.82,0.0,0.0,0.0,Maks DCA-nivå (3) nådd for ETHUSDT – ingen ny kjøpsordre,0.0,0.0,0
2026-03-29 05:15:55,SOLUSDT,VENTER,82.71,0.0,0.0,0.0,Maks DCA-nivå (3) nådd for SOLUSDT – ingen ny kjøpsordre,0.0,0.0,0
2026-03-29 05:30:59,BTCUSDT,SELG,66997.04,0.00448,299.48,0.2995,"RSI=68.4 > 65, lønnsomt salg (snitt 66,695.68)",0.75,0.4518,3
2026-03-29 05:30:59,ETHUSDT,VENTER,2013.77,0.0,0.0,0.0,"Holder 3 posisjon(er) for ETHUSDT – RSI=59.9, endring=0.20% fra snitt",0.0,0.0,0
2026-03-29 05:30:59,SOLUSDT,VENTER,83.07,0.0,0.0,0.0,"Holder 3 posisjon(er) for SOLUSDT – RSI=63.4, endring=0.44% fra snitt",0.0,0.0,0
2026-03-29 05:46:02,ETHUSDT,VENTER,2011.92,0.0,0.0,0.0,"Holder 3 posisjon(er) for ETHUSDT – RSI=56.7, endring=0.11% fra snitt",0.0,0.0,0
2026-03-29 05:46:02,SOLUSDT,VENTER,82.99,0.0,0.0,0.0,"Holder 3 posisjon(er) for SOLUSDT – RSI=60.3, endring=0.35% fra snitt",0.0,0.0,0
2026-03-29 06:01:06,ETHUSDT,VENTER,2011.1,0.0,0.0,0.0,"Holder 3 posisjon(er) for ETHUSDT – RSI=55.3, endring=0.07% fra snitt",0.0,0.0,0
2026-03-29 06:01:06,SOLUSDT,VENTER,83.01,0.0,0.0,0.0,"Holder 3 posisjon(er) for SOLUSDT – RSI=60.8, endring=0.37% fra snitt",0.0,0.0,0
2026-03-29 06:16:08,ETHUSDT,VENTER,2011.95,0.0,0.0,0.0,"Holder 3 posisjon(er) for ETHUSDT – RSI=56.5, endring=0.11% fra snitt",0.0,0.0,0
2026-03-29 06:16:08,SOLUSDT,VENTER,82.97,0.0,0.0,0.0,"Holder 3 posisjon(er) for SOLUSDT – RSI=59.2, endring=0.32% fra snitt",0.0,0.0,0
2026-03-29 06:31:12,ETHUSDT,VENTER,2006.44,0.0,0.0,0.0,Maks DCA-nivå (3) nådd for ETHUSDT – ingen ny kjøpsordre,0.0,0.0,0
2026-03-29 06:31:12,SOLUSDT,VENTER,82.82,0.0,0.0,0.0,Maks DCA-nivå (3) nådd for SOLUSDT – ingen ny kjøpsordre,0.0,0.0,0
2026-03-29 06:46:46,BTCUSDT,KJØP,66767.25,0.00149,99.48,0.0995,"RSI=54.9 < 55, DCA#1 | Handelsbeløp: 99.48 USDT | Min salgspris: 66,900.78",0.0,0.0,1
2026-03-29 06:46:46,ETHUSDT,VENTER,2005.54,0.0,0.0,0.0,Maks DCA-nivå (3) nådd for ETHUSDT – ingen ny kjøpsordre,0.0,0.0,0
2026-03-29 06:46:46,SOLUSDT,VENTER,82.83,0.0,0.0,0.0,Maks DCA-nivå (3) nådd for SOLUSDT – ingen ny kjøpsordre,0.0,0.0,0
2026-03-29 07:01:51,BTCUSDT,KJØP,66748.49,0.00149,99.46,0.0995,"RSI=50.4 < 55, DCA#2 | Handelsbeløp: 99.46 USDT | Min salgspris: 66,881.99",0.0,0.0,2
2026-03-29 07:01:51,ETHUSDT,VENTER,2005.86,0.0,0.0,0.0,Maks DCA-nivå (3) nådd for ETHUSDT – ingen ny kjøpsordre,0.0,0.0,0
2026-03-29 07:01:51,SOLUSDT,VENTER,82.78,0.0,0.0,0.0,Maks DCA-nivå (3) nådd for SOLUSDT – ingen ny kjøpsordre,0.0,0.0,0
2026-03-29 07:16:55,BTCUSDT,KJØP,66634.9,0.0015,99.95,0.1,"RSI=48.9 < 55, DCA#3 | Handelsbeløp: 99.95 USDT | Min salgspris: 66,768.17",0.0,0.0,3
2026-03-29 07:16:55,ETHUSDT,VENTER,2001.1,0.0,0.0,0.0,Maks DCA-nivå (3) nådd for ETHUSDT – ingen ny kjøpsordre,0.0,0.0,0
2026-03-29 07:16:55,SOLUSDT,VENTER,82.53,0.0,0.0,0.0,Maks DCA-nivå (3) nådd for SOLUSDT – ingen ny kjøpsordre,0.0,0.0,0
2026-03-29 07:31:59,BTCUSDT,VENTER,66647.19,0.0,0.0,0.0,Maks DCA-nivå (3) nådd for BTCUSDT – ingen ny kjøpsordre,0.0,0.0,0
2026-03-29 07:31:59,ETHUSDT,VENTER,2000.88,0.0,0.0,0.0,Maks DCA-nivå (3) nådd for ETHUSDT – ingen ny kjøpsordre,0.0,0.0,0
2026-03-29 07:31:59,SOLUSDT,VENTER,82.59,0.0,0.0,0.0,Maks DCA-nivå (3) nådd for SOLUSDT – ingen ny kjøpsordre,0.0,0.0,0
2026-03-29 07:47:03,BTCUSDT,VENTER,66672.92,0.0,0.0,0.0,Maks DCA-nivå (3) nådd for BTCUSDT – ingen ny kjøpsordre,0.0,0.0,0
2026-03-29 07:47:03,ETHUSDT,VENTER,2001.71,0.0,0.0,0.0,Maks DCA-nivå (3) nådd for ETHUSDT – ingen ny kjøpsordre,0.0,0.0,0
2026-03-29 07:47:03,SOLUSDT,VENTER,82.66,0.0,0.0,0.0,Maks DCA-nivå (3) nådd for SOLUSDT – ingen ny kjøpsordre,0.0,0.0,0
2026-03-29 08:02:07,BTCUSDT,VENTER,66799.92,0.0,0.0,0.0,Maks DCA-nivå (3) nådd for BTCUSDT – ingen ny kjøpsordre,0.0,0.0,0
2026-03-29 08:02:07,ETHUSDT,VENTER,2006.19,0.0,0.0,0.0,Maks DCA-nivå (3) nådd for ETHUSDT – ingen ny kjøpsordre,0.0,0.0,0
2026-03-29 08:02:07,SOLUSDT,VENTER,82.74,0.0,0.0,0.0,Maks DCA-nivå (3) nådd for SOLUSDT – ingen ny kjøpsordre,0.0,0.0,0
2026-03-29 08:17:09,BTCUSDT,VENTER,66848.99,0.0,0.0,0.0,"Holder 3 posisjon(er) for BTCUSDT – RSI=57.7, endring=0.20% fra snitt",0.0,0.0,0
2026-03-29 08:17:09,ETHUSDT,VENTER,2005.45,0.0,0.0,0.0,Maks DCA-nivå (3) nådd for ETHUSDT – ingen ny kjøpsordre,0.0,0.0,0
2026-03-29 08:17:09,SOLUSDT,VENTER,82.76,0.0,0.0,0.0,Maks DCA-nivå (3) nådd for SOLUSDT – ingen ny kjøpsordre,0.0,0.0,0
2026-03-29 08:32:14,BTCUSDT,VENTER,66671.3,0.0,0.0,0.0,Maks DCA-nivå (3) nådd for BTCUSDT – ingen ny kjøpsordre,0.0,0.0,0
2026-03-29 08:32:14,ETHUSDT,VENTER,2001.31,0.0,0.0,0.0,Maks DCA-nivå (3) nådd for ETHUSDT – ingen ny kjøpsordre,0.0,0.0,0
2026-03-29 08:32:14,SOLUSDT,VENTER,82.39,0.0,0.0,0.0,Maks DCA-nivå (3) nådd for SOLUSDT – ingen ny kjøpsordre,0.0,0.0,0
2026-03-29 08:47:17,BTCUSDT,VENTER,66678.87,0.0,0.0,0.0,Maks DCA-nivå (3) nådd for BTCUSDT – ingen ny kjøpsordre,0.0,0.0,0
2026-03-29 08:47:17,ETHUSDT,VENTER,2003.62,0.0,0.0,0.0,Maks DCA-nivå (3) nådd for ETHUSDT – ingen ny kjøpsordre,0.0,0.0,0
2026-03-29 08:47:17,SOLUSDT,VENTER,82.36,0.0,0.0,0.0,Maks DCA-nivå (3) nådd for SOLUSDT – ingen ny kjøpsordre,0.0,0.0,0
2026-03-29 09:02:21,BTCUSDT,VENTER,66738.5,0.0,0.0,0.0,Maks DCA-nivå (3) nådd for BTCUSDT – ingen ny kjøpsordre,0.0,0.0,0
2026-03-29 09:02:21,ETHUSDT,VENTER,2005.0,0.0,0.0,0.0,Maks DCA-nivå (3) nådd for ETHUSDT – ingen ny kjøpsordre,0.0,0.0,0
2026-03-29 09:02:21,SOLUSDT,VENTER,82.5,0.0,0.0,0.0,Maks DCA-nivå (3) nådd for SOLUSDT – ingen ny kjøpsordre,0.0,0.0,0
2026-03-29 09:17:24,BTCUSDT,VENTER,66602.46,0.0,0.0,0.0,Maks DCA-nivå (3) nådd for BTCUSDT – ingen ny kjøpsordre,0.0,0.0,0
2026-03-29 09:17:24,ETHUSDT,VENTER,2002.74,0.0,0.0,0.0,Maks DCA-nivå (3) nådd for ETHUSDT – ingen ny kjøpsordre,0.0,0.0,0
2026-03-29 09:17:24,SOLUSDT,VENTER,82.35,0.0,0.0,0.0,Maks DCA-nivå (3) nådd for SOLUSDT – ingen ny kjøpsordre,0.0,0.0,0
2026-03-29 09:32:28,BTCUSDT,VENTER,66660.66,0.0,0.0,0.0,Maks DCA-nivå (3) nådd for BTCUSDT – ingen ny kjøpsordre,0.0,0.0,0
2026-03-29 09:32:28,ETHUSDT,VENTER,2003.99,0.0,0.0,0.0,Maks DCA-nivå (3) nådd for ETHUSDT – ingen ny kjøpsordre,0.0,0.0,0
2026-03-29 09:32:28,SOLUSDT,VENTER,82.42,0.0,0.0,0.0,Maks DCA-nivå (3) nådd for SOLUSDT – ingen ny kjøpsordre,0.0,0.0,0
2026-03-29 09:47:32,BTCUSDT,VENTER,66637.99,0.0,0.0,0.0,Maks DCA-nivå (3) nådd for BTCUSDT – ingen ny kjøpsordre,0.0,0.0,0
2026-03-29 09:47:32,ETHUSDT,VENTER,2003.9,0.0,0.0,0.0,Maks DCA-nivå (3) nådd for ETHUSDT – ingen ny kjøpsordre,0.0,0.0,0
2026-03-29 09:47:32,SOLUSDT,VENTER,82.43,0.0,0.0,0.0,Maks DCA-nivå (3) nådd for SOLUSDT – ingen ny kjøpsordre,0.0,0.0,0
2026-03-29 10:02:37,BTCUSDT,VENTER,66671.0,0.0,0.0,0.0,Maks DCA-nivå (3) nådd for BTCUSDT – ingen ny kjøpsordre,0.0,0.0,0
2026-03-29 10:02:37,ETHUSDT,VENTER,2006.14,0.0,0.0,0.0,Maks DCA-nivå (3) nådd for ETHUSDT – ingen ny kjøpsordre,0.0,0.0,0
2026-03-29 10:02:37,SOLUSDT,VENTER,82.47,0.0,0.0,0.0,Maks DCA-nivå (3) nådd for SOLUSDT – ingen ny kjøpsordre,0.0,0.0,0
2026-03-29 10:17:40,BTCUSDT,VENTER,66651.7,0.0,0.0,0.0,Maks DCA-nivå (3) nådd for BTCUSDT – ingen ny kjøpsordre,0.0,0.0,0
2026-03-29 10:17:40,ETHUSDT,VENTER,2003.49,0.0,0.0,0.0,Maks DCA-nivå (3) nådd for ETHUSDT – ingen ny kjøpsordre,0.0,0.0,0
2026-03-29 10:17:40,SOLUSDT,VENTER,82.41,0.0,0.0,0.0,Maks DCA-nivå (3) nådd for SOLUSDT – ingen ny kjøpsordre,0.0,0.0,0
2026-03-29 10:32:44,BTCUSDT,VENTER,66680.02,0.0,0.0,0.0,Maks DCA-nivå (3) nådd for BTCUSDT – ingen ny kjøpsordre,0.0,0.0,0
2026-03-29 10:32:44,ETHUSDT,VENTER,2005.02,0.0,0.0,0.0,Maks DCA-nivå (3) nådd for ETHUSDT – ingen ny kjøpsordre,0.0,0.0,0
2026-03-29 10:32:44,SOLUSDT,VENTER,82.5,0.0,0.0,0.0,Maks DCA-nivå (3) nådd for SOLUSDT – ingen ny kjøpsordre,0.0,0.0,0
2026-03-29 10:47:46,BTCUSDT,VENTER,66741.81,0.0,0.0,0.0,Maks DCA-nivå (3) nådd for BTCUSDT – ingen ny kjøpsordre,0.0,0.0,0
2026-03-29 10:47:46,ETHUSDT,VENTER,2005.47,0.0,0.0,0.0,Maks DCA-nivå (3) nådd for ETHUSDT – ingen ny kjøpsordre,0.0,0.0,0
2026-03-29 10:47:46,SOLUSDT,VENTER,82.55,0.0,0.0,0.0,Maks DCA-nivå (3) nådd for SOLUSDT – ingen ny kjøpsordre,0.0,0.0,0
2026-03-29 11:02:51,BTCUSDT,VENTER,66724.0,0.0,0.0,0.0,Maks DCA-nivå (3) nådd for BTCUSDT – ingen ny kjøpsordre,0.0,0.0,0
2026-03-29 11:02:51,ETHUSDT,VENTER,2004.27,0.0,0.0,0.0,Maks DCA-nivå (3) nådd for ETHUSDT – ingen ny kjøpsordre,0.0,0.0,0
2026-03-29 11:02:51,SOLUSDT,VENTER,82.47,0.0,0.0,0.0,Maks DCA-nivå (3) nådd for SOLUSDT – ingen ny kjøpsordre,0.0,0.0,0
2026-03-29 11:17:54,BTCUSDT,VENTER,66666.67,0.0,0.0,0.0,Maks DCA-nivå (3) nådd for BTCUSDT – ingen ny kjøpsordre,0.0,0.0,0
2026-03-29 11:17:54,ETHUSDT,VENTER,2002.88,0.0,0.0,0.0,Maks DCA-nivå (3) nådd for ETHUSDT – ingen ny kjøpsordre,0.0,0.0,0
2026-03-29 11:17:54,SOLUSDT,VENTER,82.41,0.0,0.0,0.0,Maks DCA-nivå (3) nådd for SOLUSDT – ingen ny kjøpsordre,0.0,0.0,0
2026-03-29 11:32:59,BTCUSDT,VENTER,66671.13,0.0,0.0,0.0,Maks DCA-nivå (3) nådd for BTCUSDT – ingen ny kjøpsordre,0.0,0.0,0
2026-03-29 11:32:59,ETHUSDT,VENTER,2002.37,0.0,0.0,0.0,Maks DCA-nivå (3) nådd for ETHUSDT – ingen ny kjøpsordre,0.0,0.0,0
2026-03-29 11:32:59,SOLUSDT,VENTER,82.4,0.0,0.0,0.0,Maks DCA-nivå (3) nådd for SOLUSDT – ingen ny kjøpsordre,0.0,0.0,0
2026-03-29 11:48:02,BTCUSDT,VENTER,66579.23,0.0,0.0,0.0,Maks DCA-nivå (3) nådd for BTCUSDT – ingen ny kjøpsordre,0.0,0.0,0
2026-03-29 11:48:02,ETHUSDT,VENTER,1998.7,0.0,0.0,0.0,Maks DCA-nivå (3) nådd for ETHUSDT – ingen ny kjøpsordre,0.0,0.0,0
2026-03-29 11:48:02,SOLUSDT,VENTER,82.26,0.0,0.0,0.0,Maks DCA-nivå (3) nådd for SOLUSDT – ingen ny kjøpsordre,0.0,0.0,0
2026-03-29 12:03:06,BTCUSDT,VENTER,66634.02,0.0,0.0,0.0,Maks DCA-nivå (3) nådd for BTCUSDT – ingen ny kjøpsordre,0.0,0.0,0
2026-03-29 12:03:06,ETHUSDT,VENTER,1998.96,0.0,0.0,0.0,Maks DCA-nivå (3) nådd for ETHUSDT – ingen ny kjøpsordre,0.0,0.0,0
2026-03-29 12:03:06,SOLUSDT,VENTER,82.36,0.0,0.0,0.0,Maks DCA-nivå (3) nådd for SOLUSDT – ingen ny kjøpsordre,0.0,0.0,0
2026-03-29 12:18:09,BTCUSDT,VENTER,66516.73,0.0,0.0,0.0,Maks DCA-nivå (3) nådd for BTCUSDT – ingen ny kjøpsordre,0.0,0.0,0
2026-03-29 12:18:09,ETHUSDT,VENTER,1996.05,0.0,0.0,0.0,Maks DCA-nivå (3) nådd for ETHUSDT – ingen ny kjøpsordre,0.0,0.0,0
2026-03-29 12:18:09,SOLUSDT,VENTER,82.21,0.0,0.0,0.0,Maks DCA-nivå (3) nådd for SOLUSDT – ingen ny kjøpsordre,0.0,0.0,0
2026-03-29 12:33:13,BTCUSDT,VENTER,66509.99,0.0,0.0,0.0,Maks DCA-nivå (3) nådd for BTCUSDT – ingen ny kjøpsordre,0.0,0.0,0
2026-03-29 12:33:13,ETHUSDT,VENTER,1995.0,0.0,0.0,0.0,Maks DCA-nivå (3) nådd for ETHUSDT – ingen ny kjøpsordre,0.0,0.0,0
2026-03-29 12:33:13,SOLUSDT,VENTER,82.19,0.0,0.0,0.0,Maks DCA-nivå (3) nådd for SOLUSDT – ingen ny kjøpsordre,0.0,0.0,0
2026-03-29 12:48:16,BTCUSDT,VENTER,66522.81,0.0,0.0,0.0,Maks DCA-nivå (3) nådd for BTCUSDT – ingen ny kjøpsordre,0.0,0.0,0
2026-03-29 12:48:16,ETHUSDT,VENTER,1995.78,0.0,0.0,0.0,Maks DCA-nivå (3) nådd for ETHUSDT – ingen ny kjøpsordre,0.0,0.0,0
2026-03-29 12:48:16,SOLUSDT,VENTER,82.15,0.0,0.0,0.0,Maks DCA-nivå (3) nådd for SOLUSDT – ingen ny kjøpsordre,0.0,0.0,0
2026-03-29 13:03:19,BTCUSDT,VENTER,66498.84,0.0,0.0,0.0,Maks DCA-nivå (3) nådd for BTCUSDT – ingen ny kjøpsordre,0.0,0.0,0
2026-03-29 13:03:19,ETHUSDT,VENTER,1995.9,0.0,0.0,0.0,Maks DCA-nivå (3) nådd for ETHUSDT – ingen ny kjøpsordre,0.0,0.0,0
2026-03-29 13:03:19,SOLUSDT,VENTER,82.12,0.0,0.0,0.0,Maks DCA-nivå (3) nådd for SOLUSDT – ingen ny kjøpsordre,0.0,0.0,0
2026-03-29 13:18:22,BTCUSDT,VENTER,66767.96,0.0,0.0,0.0,"Holder 3 posisjon(er) for BTCUSDT – RSI=56.9, endring=0.08% fra snitt",0.0,0.0,0
2026-03-29 13:18:22,ETHUSDT,VENTER,2002.68,0.0,0.0,0.0,Maks DCA-nivå (3) nådd for ETHUSDT – ingen ny kjøpsordre,0.0,0.0,0
2026-03-29 13:18:22,SOLUSDT,VENTER,82.53,0.0,0.0,0.0,Maks DCA-nivå (3) nådd for SOLUSDT – ingen ny kjøpsordre,0.0,0.0,0
2026-03-29 13:33:26,BTCUSDT,VENTER,66830.72,0.0,0.0,0.0,"Holder 3 posisjon(er) for BTCUSDT – RSI=59.9, endring=0.17% fra snitt",0.0,0.0,0
2026-03-29 13:33:26,ETHUSDT,VENTER,2003.66,0.0,0.0,0.0,Maks DCA-nivå (3) nådd for ETHUSDT – ingen ny kjøpsordre,0.0,0.0,0
2026-03-29 13:33:26,SOLUSDT,VENTER,82.55,0.0,0.0,0.0,Maks DCA-nivå (3) nådd for SOLUSDT – ingen ny kjøpsordre,0.0,0.0,0
2026-03-29 13:48:28,BTCUSDT,VENTER,66907.29,0.0,0.0,0.0,"Holder 3 posisjon(er) for BTCUSDT – RSI=63.2, endring=0.29% fra snitt",0.0,0.0,0
2026-03-29 13:48:28,ETHUSDT,VENTER,2006.07,0.0,0.0,0.0,"Holder 3 posisjon(er) for ETHUSDT – RSI=57.4, endring=-0.19% fra snitt",0.0,0.0,0
2026-03-29 13:48:28,SOLUSDT,VENTER,82.75,0.0,0.0,0.0,"Holder 3 posisjon(er) for SOLUSDT – RSI=60.5, endring=0.06% fra snitt",0.0,0.0,0
2026-03-29 14:03:32,BTCUSDT,VENTER,66818.49,0.0,0.0,0.0,"Holder 3 posisjon(er) for BTCUSDT – RSI=57.3, endring=0.15% fra snitt",0.0,0.0,0
2026-03-29 14:03:32,ETHUSDT,VENTER,2004.17,0.0,0.0,0.0,Maks DCA-nivå (3) nådd for ETHUSDT – ingen ny kjøpsordre,0.0,0.0,0
2026-03-29 14:03:32,SOLUSDT,VENTER,82.58,0.0,0.0,0.0,Maks DCA-nivå (3) nådd for SOLUSDT – ingen ny kjøpsordre,0.0,0.0,0
2026-03-29 14:18:35,BTCUSDT,VENTER,66790.29,0.0,0.0,0.0,"Holder 3 posisjon(er) for BTCUSDT – RSI=55.5, endring=0.11% fra snitt",0.0,0.0,0
2026-03-29 14:18:35,ETHUSDT,VENTER,2002.79,0.0,0.0,0.0,Maks DCA-nivå (3) nådd for ETHUSDT – ingen ny kjøpsordre,0.0,0.0,0
2026-03-29 14:18:35,SOLUSDT,VENTER,82.44,0.0,0.0,0.0,Maks DCA-nivå (3) nådd for SOLUSDT – ingen ny kjøpsordre,0.0,0.0,0
2026-03-29 14:33:40,BTCUSDT,VENTER,66784.76,0.0,0.0,0.0,"Holder 3 posisjon(er) for BTCUSDT – RSI=55.1, endring=0.10% fra snitt",0.0,0.0,0
2026-03-29 14:33:40,ETHUSDT,VENTER,2002.7,0.0,0.0,0.0,Maks DCA-nivå (3) nådd for ETHUSDT – ingen ny kjøpsordre,0.0,0.0,0
2026-03-29 14:33:40,SOLUSDT,VENTER,82.41,0.0,0.0,0.0,Maks DCA-nivå (3) nådd for SOLUSDT – ingen ny kjøpsordre,0.0,0.0,0
2026-03-29 14:48:42,BTCUSDT,VENTER,66735.99,0.0,0.0,0.0,Maks DCA-nivå (3) nådd for BTCUSDT – ingen ny kjøpsordre,0.0,0.0,0
2026-03-29 14:48:42,ETHUSDT,VENTER,1999.0,0.0,0.0,0.0,Maks DCA-nivå (3) nådd for ETHUSDT – ingen ny kjøpsordre,0.0,0.0,0
2026-03-29 14:48:42,SOLUSDT,VENTER,82.27,0.0,0.0,0.0,Maks DCA-nivå (3) nådd for SOLUSDT – ingen ny kjøpsordre,0.0,0.0,0
2026-03-29 15:03:46,BTCUSDT,VENTER,66849.88,0.0,0.0,0.0,"Holder 3 posisjon(er) for BTCUSDT – RSI=58.1, endring=0.20% fra snitt",0.0,0.0,0
2026-03-29 15:03:46,ETHUSDT,VENTER,2001.68,0.0,0.0,0.0,Maks DCA-nivå (3) nådd for ETHUSDT – ingen ny kjøpsordre,0.0,0.0,0
2026-03-29 15:03:46,SOLUSDT,VENTER,82.45,0.0,0.0,0.0,Maks DCA-nivå (3) nådd for SOLUSDT – ingen ny kjøpsordre,0.0,0.0,0
2026-03-29 15:18:49,BTCUSDT,VENTER,66621.52,0.0,0.0,0.0,Maks DCA-nivå (3) nådd for BTCUSDT – ingen ny kjøpsordre,0.0,0.0,0
2026-03-29 15:18:49,ETHUSDT,VENTER,1990.22,0.0,0.0,0.0,Maks DCA-nivå (3) nådd for ETHUSDT – ingen ny kjøpsordre,0.0,0.0,0
2026-03-29 15:18:49,SOLUSDT,VENTER,81.93,0.0,0.0,0.0,Maks DCA-nivå (3) nådd for SOLUSDT – ingen ny kjøpsordre,0.0,0.0,0
2026-03-29 15:33:52,BTCUSDT,VENTER,66627.99,0.0,0.0,0.0,Maks DCA-nivå (3) nådd for BTCUSDT – ingen ny kjøpsordre,0.0,0.0,0
2026-03-29 15:33:52,ETHUSDT,VENTER,1991.06,0.0,0.0,0.0,Maks DCA-nivå (3) nådd for ETHUSDT – ingen ny kjøpsordre,0.0,0.0,0
2026-03-29 15:33:52,SOLUSDT,VENTER,82.06,0.0,0.0,0.0,Maks DCA-nivå (3) nådd for SOLUSDT – ingen ny kjøpsordre,0.0,0.0,0
2026-03-29 15:48:54,BTCUSDT,VENTER,66669.94,0.0,0.0,0.0,Maks DCA-nivå (3) nådd for BTCUSDT – ingen ny kjøpsordre,0.0,0.0,0
2026-03-29 15:48:54,ETHUSDT,VENTER,1992.14,0.0,0.0,0.0,Maks DCA-nivå (3) nådd for ETHUSDT – ingen ny kjøpsordre,0.0,0.0,0
2026-03-29 15:48:54,SOLUSDT,VENTER,82.02,0.0,0.0,0.0,Maks DCA-nivå (3) nådd for SOLUSDT – ingen ny kjøpsordre,0.0,0.0,0
2026-03-29 16:03:58,BTCUSDT,VENTER,66580.37,0.0,0.0,0.0,Maks DCA-nivå (3) nådd for BTCUSDT – ingen ny kjøpsordre,0.0,0.0,0
2026-03-29 16:03:58,ETHUSDT,VENTER,1987.08,0.0,0.0,0.0,Maks DCA-nivå (3) nådd for ETHUSDT – ingen ny kjøpsordre,0.0,0.0,0
2026-03-29 16:03:58,SOLUSDT,VENTER,81.9,0.0,0.0,0.0,Maks DCA-nivå (3) nådd for SOLUSDT – ingen ny kjøpsordre,0.0,0.0,0
2026-03-29 16:19:00,BTCUSDT,VENTER,66679.58,0.0,0.0,0.0,Maks DCA-nivå (3) nådd for BTCUSDT – ingen ny kjøpsordre,0.0,0.0,0
2026-03-29 16:19:00,ETHUSDT,VENTER,1995.46,0.0,0.0,0.0,Maks DCA-nivå (3) nådd for ETHUSDT – ingen ny kjøpsordre,0.0,0.0,0
2026-03-29 16:19:00,SOLUSDT,VENTER,82.15,0.0,0.0,0.0,Maks DCA-nivå (3) nådd for SOLUSDT – ingen ny kjøpsordre,0.0,0.0,0
2026-03-29 16:34:03,BTCUSDT,VENTER,66561.47,0.0,0.0,0.0,Maks DCA-nivå (3) nådd for BTCUSDT – ingen ny kjøpsordre,0.0,0.0,0
2026-03-29 16:34:03,ETHUSDT,VENTER,1992.94,0.0,0.0,0.0,Maks DCA-nivå (3) nådd for ETHUSDT – ingen ny kjøpsordre,0.0,0.0,0
2026-03-29 16:34:03,SOLUSDT,VENTER,81.96,0.0,0.0,0.0,Maks DCA-nivå (3) nådd for SOLUSDT – ingen ny kjøpsordre,0.0,0.0,0
2026-03-29 16:49:05,BTCUSDT,VENTER,66567.3,0.0,0.0,0.0,Maks DCA-nivå (3) nådd for BTCUSDT – ingen ny kjøpsordre,0.0,0.0,0
2026-03-29 16:49:05,ETHUSDT,VENTER,1994.96,0.0,0.0,0.0,Maks DCA-nivå (3) nådd for ETHUSDT – ingen ny kjøpsordre,0.0,0.0,0
2026-03-29 16:49:05,SOLUSDT,VENTER,82.03,0.0,0.0,0.0,Maks DCA-nivå (3) nådd for SOLUSDT – ingen ny kjøpsordre,0.0,0.0,0
2026-03-29 17:04:10,BTCUSDT,VENTER,66594.91,0.0,0.0,0.0,Maks DCA-nivå (3) nådd for BTCUSDT – ingen ny kjøpsordre,0.0,0.0,0
2026-03-29 17:04:10,ETHUSDT,VENTER,1994.22,0.0,0.0,0.0,Maks DCA-nivå (3) nådd for ETHUSDT – ingen ny kjøpsordre,0.0,0.0,0
2026-03-29 17:04:10,SOLUSDT,VENTER,81.93,0.0,0.0,0.0,Maks DCA-nivå (3) nådd for SOLUSDT – ingen ny kjøpsordre,0.0,0.0,0
2026-03-29 17:19:13,BTCUSDT,VENTER,66587.29,0.0,0.0,0.0,Maks DCA-nivå (3) nådd for BTCUSDT – ingen ny kjøpsordre,0.0,0.0,0
2026-03-29 17:19:13,ETHUSDT,VENTER,1993.01,0.0,0.0,0.0,Maks DCA-nivå (3) nådd for ETHUSDT – ingen ny kjøpsordre,0.0,0.0,0
2026-03-29 17:19:13,SOLUSDT,VENTER,81.92,0.0,0.0,0.0,Maks DCA-nivå (3) nådd for SOLUSDT – ingen ny kjøpsordre,0.0,0.0,0
2026-03-29 17:34:16,BTCUSDT,VENTER,66406.36,0.0,0.0,0.0,Maks DCA-nivå (3) nådd for BTCUSDT – ingen ny kjøpsordre,0.0,0.0,0
2026-03-29 17:34:16,ETHUSDT,VENTER,1989.49,0.0,0.0,0.0,Maks DCA-nivå (3) nådd for ETHUSDT – ingen ny kjøpsordre,0.0,0.0,0
2026-03-29 17:34:16,SOLUSDT,VENTER,81.55,0.0,0.0,0.0,Maks DCA-nivå (3) nådd for SOLUSDT – ingen ny kjøpsordre,0.0,0.0,0
2026-03-29 17:49:19,BTCUSDT,VENTER,66448.11,0.0,0.0,0.0,Maks DCA-nivå (3) nådd for BTCUSDT – ingen ny kjøpsordre,0.0,0.0,0
2026-03-29 17:49:19,ETHUSDT,VENTER,1991.28,0.0,0.0,0.0,Maks DCA-nivå (3) nådd for ETHUSDT – ingen ny kjøpsordre,0.0,0.0,0
2026-03-29 17:49:19,SOLUSDT,VENTER,81.62,0.0,0.0,0.0,Maks DCA-nivå (3) nådd for SOLUSDT – ingen ny kjøpsordre,0.0,0.0,0
2026-03-29 18:04:23,BTCUSDT,VENTER,66520.07,0.0,0.0,0.0,Maks DCA-nivå (3) nådd for BTCUSDT – ingen ny kjøpsordre,0.0,0.0,0
2026-03-29 18:04:23,ETHUSDT,VENTER,1992.61,0.0,0.0,0.0,Maks DCA-nivå (3) nådd for ETHUSDT – ingen ny kjøpsordre,0.0,0.0,0
2026-03-29 18:04:23,SOLUSDT,VENTER,81.81,0.0,0.0,0.0,Maks DCA-nivå (3) nådd for SOLUSDT – ingen ny kjøpsordre,0.0,0.0,0
2026-03-29 18:19:25,BTCUSDT,VENTER,66447.23,0.0,0.0,0.0,Maks DCA-nivå (3) nådd for BTCUSDT – ingen ny kjøpsordre,0.0,0.0,0
2026-03-29 18:19:25,ETHUSDT,VENTER,1993.09,0.0,0.0,0.0,Maks DCA-nivå (3) nådd for ETHUSDT – ingen ny kjøpsordre,0.0,0.0,0
2026-03-29 18:19:25,SOLUSDT,VENTER,81.76,0.0,0.0,0.0,Maks DCA-nivå (3) nådd for SOLUSDT – ingen ny kjøpsordre,0.0,0.0,0
2026-03-29 18:34:28,BTCUSDT,VENTER,66617.2,0.0,0.0,0.0,Maks DCA-nivå (3) nådd for BTCUSDT – ingen ny kjøpsordre,0.0,0.0,0
2026-03-29 18:34:28,ETHUSDT,VENTER,2000.99,0.0,0.0,0.0,"Holder 3 posisjon(er) for ETHUSDT – RSI=56.3, endring=-0.44% fra snitt",0.0,0.0,0
2026-03-29 18:34:28,SOLUSDT,VENTER,81.94,0.0,0.0,0.0,Maks DCA-nivå (3) nådd for SOLUSDT – ingen ny kjøpsordre,0.0,0.0,0
2026-03-29 18:49:32,BTCUSDT,VENTER,66540.0,0.0,0.0,0.0,Maks DCA-nivå (3) nådd for BTCUSDT – ingen ny kjøpsordre,0.0,0.0,0
2026-03-29 18:49:32,ETHUSDT,VENTER,1997.44,0.0,0.0,0.0,Maks DCA-nivå (3) nådd for ETHUSDT – ingen ny kjøpsordre,0.0,0.0,0
2026-03-29 18:49:32,SOLUSDT,VENTER,81.7,0.0,0.0,0.0,Maks DCA-nivå (3) nådd for SOLUSDT – ingen ny kjøpsordre,0.0,0.0,0
2026-03-29 19:04:37,BTCUSDT,VENTER,66499.36,0.0,0.0,0.0,Maks DCA-nivå (3) nådd for BTCUSDT – ingen ny kjøpsordre,0.0,0.0,0
2026-03-29 19:04:37,ETHUSDT,VENTER,1998.16,0.0,0.0,0.0,Maks DCA-nivå (3) nådd for ETHUSDT – ingen ny kjøpsordre,0.0,0.0,0
2026-03-29 19:04:37,SOLUSDT,VENTER,81.68,0.0,0.0,0.0,Maks DCA-nivå (3) nådd for SOLUSDT – ingen ny kjøpsordre,0.0,0.0,0
2026-03-29 19:19:40,BTCUSDT,VENTER,66422.35,0.0,0.0,0.0,Maks DCA-nivå (3) nådd for BTCUSDT – ingen ny kjøpsordre,0.0,0.0,0
2026-03-29 19:19:40,ETHUSDT,VENTER,1994.14,0.0,0.0,0.0,Maks DCA-nivå (3) nådd for ETHUSDT – ingen ny kjøpsordre,0.0,0.0,0
2026-03-29 19:19:40,SOLUSDT,VENTER,81.55,0.0,0.0,0.0,Maks DCA-nivå (3) nådd for SOLUSDT – ingen ny kjøpsordre,0.0,0.0,0
2026-03-29 19:34:44,BTCUSDT,VENTER,66247.68,0.0,0.0,0.0,Maks DCA-nivå (3) nådd for BTCUSDT – ingen ny kjøpsordre,0.0,0.0,0
2026-03-29 19:34:44,ETHUSDT,VENTER,1990.24,0.0,0.0,0.0,Maks DCA-nivå (3) nådd for ETHUSDT – ingen ny kjøpsordre,0.0,0.0,0
2026-03-29 19:34:44,SOLUSDT,VENTER,81.25,0.0,0.0,0.0,Maks DCA-nivå (3) nådd for SOLUSDT – ingen ny kjøpsordre,0.0,0.0,0
2026-03-29 19:49:46,BTCUSDT,VENTER,66409.14,0.0,0.0,0.0,Maks DCA-nivå (3) nådd for BTCUSDT – ingen ny kjøpsordre,0.0,0.0,0
2026-03-29 19:49:46,ETHUSDT,VENTER,1997.16,0.0,0.0,0.0,Maks DCA-nivå (3) nådd for ETHUSDT – ingen ny kjøpsordre,0.0,0.0,0
2026-03-29 19:49:46,SOLUSDT,VENTER,81.59,0.0,0.0,0.0,Maks DCA-nivå (3) nådd for SOLUSDT – ingen ny kjøpsordre,0.0,0.0,0
2026-03-29 20:04:49,BTCUSDT,VENTER,66385.83,0.0,0.0,0.0,Maks DCA-nivå (3) nådd for BTCUSDT – ingen ny kjøpsordre,0.0,0.0,0
2026-03-29 20:04:49,ETHUSDT,VENTER,1995.08,0.0,0.0,0.0,Maks DCA-nivå (3) nådd for ETHUSDT – ingen ny kjøpsordre,0.0,0.0,0
2026-03-29 20:04:49,SOLUSDT,VENTER,81.58,0.0,0.0,0.0,Maks DCA-nivå (3) nådd for SOLUSDT – ingen ny kjøpsordre,0.0,0.0,0
2026-03-29 20:19:51,BTCUSDT,VENTER,66405.53,0.0,0.0,0.0,Maks DCA-nivå (3) nådd for BTCUSDT – ingen ny kjøpsordre,0.0,0.0,0
2026-03-29 20:19:51,ETHUSDT,VENTER,1993.91,0.0,0.0,0.0,Maks DCA-nivå (3) nådd for ETHUSDT – ingen ny kjøpsordre,0.0,0.0,0
2026-03-29 20:19:51,SOLUSDT,VENTER,81.62,0.0,0.0,0.0,Maks DCA-nivå (3) nådd for SOLUSDT – ingen ny kjøpsordre,0.0,0.0,0
2026-03-29 20:34:55,BTCUSDT,VENTER,66397.51,0.0,0.0,0.0,Maks DCA-nivå (3) nådd for BTCUSDT – ingen ny kjøpsordre,0.0,0.0,0
2026-03-29 20:34:55,ETHUSDT,VENTER,1993.6,0.0,0.0,0.0,Maks DCA-nivå (3) nådd for ETHUSDT – ingen ny kjøpsordre,0.0,0.0,0
2026-03-29 20:34:55,SOLUSDT,VENTER,81.55,0.0,0.0,0.0,Maks DCA-nivå (3) nådd for SOLUSDT – ingen ny kjøpsordre,0.0,0.0,0
2026-03-29 20:49:57,BTCUSDT,VENTER,66430.59,0.0,0.0,0.0,Maks DCA-nivå (3) nådd for BTCUSDT – ingen ny kjøpsordre,0.0,0.0,0
2026-03-29 20:49:57,ETHUSDT,VENTER,1998.61,0.0,0.0,0.0,Maks DCA-nivå (3) nådd for ETHUSDT – ingen ny kjøpsordre,0.0,0.0,0
2026-03-29 20:49:57,SOLUSDT,VENTER,81.76,0.0,0.0,0.0,Maks DCA-nivå (3) nådd for SOLUSDT – ingen ny kjøpsordre,0.0,0.0,0
2026-03-29 21:05:01,BTCUSDT,VENTER,66427.27,0.0,0.0,0.0,Maks DCA-nivå (3) nådd for BTCUSDT – ingen ny kjøpsordre,0.0,0.0,0
2026-03-29 21:05:01,ETHUSDT,VENTER,1997.32,0.0,0.0,0.0,Maks DCA-nivå (3) nådd for ETHUSDT – ingen ny kjøpsordre,0.0,0.0,0
2026-03-29 21:05:01,SOLUSDT,VENTER,81.79,0.0,0.0,0.0,Maks DCA-nivå (3) nådd for SOLUSDT – ingen ny kjøpsordre,0.0,0.0,0
2026-03-29 21:20:04,BTCUSDT,VENTER,66436.89,0.0,0.0,0.0,Maks DCA-nivå (3) nådd for BTCUSDT – ingen ny kjøpsordre,0.0,0.0,0
2026-03-29 21:20:04,ETHUSDT,VENTER,1998.08,0.0,0.0,0.0,Maks DCA-nivå (3) nådd for ETHUSDT – ingen ny kjøpsordre,0.0,0.0,0
2026-03-29 21:20:04,SOLUSDT,VENTER,81.79,0.0,0.0,0.0,Maks DCA-nivå (3) nådd for SOLUSDT – ingen ny kjøpsordre,0.0,0.0,0
2026-03-29 21:35:08,BTCUSDT,VENTER,66400.0,0.0,0.0,0.0,Maks DCA-nivå (3) nådd for BTCUSDT – ingen ny kjøpsordre,0.0,0.0,0
2026-03-29 21:35:08,ETHUSDT,VENTER,1997.2,0.0,0.0,0.0,Maks DCA-nivå (3) nådd for ETHUSDT – ingen ny kjøpsordre,0.0,0.0,0
2026-03-29 21:35:08,SOLUSDT,VENTER,81.7,0.0,0.0,0.0,Maks DCA-nivå (3) nådd for SOLUSDT – ingen ny kjøpsordre,0.0,0.0,0
2026-03-29 21:50:11,BTCUSDT,VENTER,66391.74,0.0,0.0,0.0,Maks DCA-nivå (3) nådd for BTCUSDT – ingen ny kjøpsordre,0.0,0.0,0
2026-03-29 21:50:11,ETHUSDT,VENTER,1995.25,0.0,0.0,0.0,Maks DCA-nivå (3) nådd for ETHUSDT – ingen ny kjøpsordre,0.0,0.0,0
2026-03-29 21:50:11,SOLUSDT,VENTER,81.67,0.0,0.0,0.0,Maks DCA-nivå (3) nådd for SOLUSDT – ingen ny kjøpsordre,0.0,0.0,0
2026-03-29 22:05:15,BTCUSDT,VENTER,66345.07,0.0,0.0,0.0,Maks DCA-nivå (3) nådd for BTCUSDT – ingen ny kjøpsordre,0.0,0.0,0
2026-03-29 22:05:15,ETHUSDT,VENTER,1995.4,0.0,0.0,0.0,Maks DCA-nivå (3) nådd for ETHUSDT – ingen ny kjøpsordre,0.0,0.0,0
2026-03-29 22:05:15,SOLUSDT,VENTER,81.62,0.0,0.0,0.0,Maks DCA-nivå (3) nådd for SOLUSDT – ingen ny kjøpsordre,0.0,0.0,0
2026-03-29 22:20:18,BTCUSDT,VENTER,66461.16,0.0,0.0,0.0,Maks DCA-nivå (3) nådd for BTCUSDT – ingen ny kjøpsordre,0.0,0.0,0
2026-03-29 22:20:18,ETHUSDT,VENTER,1997.48,0.0,0.0,0.0,Maks DCA-nivå (3) nådd for ETHUSDT – ingen ny kjøpsordre,0.0,0.0,0
2026-03-29 22:20:18,SOLUSDT,VENTER,81.76,0.0,0.0,0.0,Maks DCA-nivå (3) nådd for SOLUSDT – ingen ny kjøpsordre,0.0,0.0,0
2026-03-29 22:35:22,BTCUSDT,VENTER,66695.75,0.0,0.0,0.0,"Holder 3 posisjon(er) for BTCUSDT – RSI=60.8, endring=-0.03% fra snitt",0.0,0.0,0
2026-03-29 22:35:22,ETHUSDT,VENTER,2005.81,0.0,0.0,0.0,"Holder 3 posisjon(er) for ETHUSDT – RSI=62.6, endring=-0.20% fra snitt",0.0,0.0,0
2026-03-29 22:35:22,SOLUSDT,VENTER,82.02,0.0,0.0,0.0,"Holder 3 posisjon(er) for SOLUSDT – RSI=56.4, endring=-0.83% fra snitt",0.0,0.0,0
2026-03-29 22:50:24,BTCUSDT,VENTER,66596.27,0.0,0.0,0.0,"Holder 3 posisjon(er) for BTCUSDT – RSI=55.0, endring=-0.18% fra snitt",0.0,0.0,0
2026-03-29 22:50:24,ETHUSDT,VENTER,2001.63,0.0,0.0,0.0,"Holder 3 posisjon(er) for ETHUSDT – RSI=56.0, endring=-0.41% fra snitt",0.0,0.0,0
2026-03-29 22:50:24,SOLUSDT,VENTER,81.87,0.0,0.0,0.0,Maks DCA-nivå (3) nådd for SOLUSDT – ingen ny kjøpsordre,0.0,0.0,0
2026-03-29 23:05:28,BTCUSDT,VENTER,66614.05,0.0,0.0,0.0,"Holder 3 posisjon(er) for BTCUSDT – RSI=55.8, endring=-0.15% fra snitt",0.0,0.0,0
2026-03-29 23:05:28,ETHUSDT,VENTER,2002.5,0.0,0.0,0.0,"Holder 3 posisjon(er) for ETHUSDT – RSI=57.0, endring=-0.36% fra snitt",0.0,0.0,0
2026-03-29 23:05:28,SOLUSDT,VENTER,81.94,0.0,0.0,0.0,Maks DCA-nivå (3) nådd for SOLUSDT – ingen ny kjøpsordre,0.0,0.0,0
2026-03-29 23:20:30,BTCUSDT,VENTER,66554.61,0.0,0.0,0.0,Maks DCA-nivå (3) nådd for BTCUSDT – ingen ny kjøpsordre,0.0,0.0,0
2026-03-29 23:20:30,ETHUSDT,VENTER,2002.27,0.0,0.0,0.0,"Holder 3 posisjon(er) for ETHUSDT – RSI=56.6, endring=-0.37% fra snitt",0.0,0.0,0
2026-03-29 23:20:30,SOLUSDT,VENTER,81.9,0.0,0.0,0.0,Maks DCA-nivå (3) nådd for SOLUSDT – ingen ny kjøpsordre,0.0,0.0,0
2026-03-29 23:35:33,BTCUSDT,VENTER,66653.87,0.0,0.0,0.0,"Holder 3 posisjon(er) for BTCUSDT – RSI=57.1, endring=-0.09% fra snitt",0.0,0.0,0
2026-03-29 23:35:33,ETHUSDT,VENTER,2004.08,0.0,0.0,0.0,"Holder 3 posisjon(er) for ETHUSDT – RSI=58.9, endring=-0.28% fra snitt",0.0,0.0,0
2026-03-29 23:35:33,SOLUSDT,VENTER,81.98,0.0,0.0,0.0,Maks DCA-nivå (3) nådd for SOLUSDT – ingen ny kjøpsordre,0.0,0.0,0
2026-03-29 23:50:36,BTCUSDT,VENTER,66636.51,0.0,0.0,0.0,"Holder 3 posisjon(er) for BTCUSDT – RSI=56.1, endring=-0.12% fra snitt",0.0,0.0,0
2026-03-29 23:50:36,ETHUSDT,VENTER,2004.68,0.0,0.0,0.0,"Holder 3 posisjon(er) for ETHUSDT – RSI=59.6, endring=-0.25% fra snitt",0.0,0.0,0
2026-03-29 23:50:36,SOLUSDT,VENTER,82.12,0.0,0.0,0.0,"Holder 3 posisjon(er) for SOLUSDT – RSI=58.6, endring=-0.71% fra snitt",0.0,0.0,0
2026-03-30 00:05:39,BTCUSDT,VENTER,66725.23,0.0,0.0,0.0,"Holder 3 posisjon(er) for BTCUSDT – RSI=60.1, endring=0.01% fra snitt",0.0,0.0,0
2026-03-30 00:05:39,ETHUSDT,VENTER,2006.9,0.0,0.0,0.0,"Holder 3 posisjon(er) for ETHUSDT – RSI=62.4, endring=-0.14% fra snitt",0.0,0.0,0
2026-03-30 00:05:39,SOLUSDT,VENTER,82.17,0.0,0.0,0.0,"Holder 3 posisjon(er) for SOLUSDT – RSI=60.0, endring=-0.64% fra snitt",0.0,0.0,0
2026-03-30 00:20:41,BTCUSDT,VENTER,66316.59,0.0,0.0,0.0,Maks DCA-nivå (3) nådd for BTCUSDT – ingen ny kjøpsordre,0.0,0.0,0
2026-03-30 00:20:41,ETHUSDT,VENTER,1992.36,0.0,0.0,0.0,Maks DCA-nivå (3) nådd for ETHUSDT – ingen ny kjøpsordre,0.0,0.0,0
2026-03-30 00:20:41,SOLUSDT,VENTER,81.59,0.0,0.0,0.0,Maks DCA-nivå (3) nådd for SOLUSDT – ingen ny kjøpsordre,0.0,0.0,0
2026-03-30 00:35:45,BTCUSDT,VENTER,66388.43,0.0,0.0,0.0,Maks DCA-nivå (3) nådd for BTCUSDT – ingen ny kjøpsordre,0.0,0.0,0
2026-03-30 00:35:45,ETHUSDT,VENTER,1994.86,0.0,0.0,0.0,Maks DCA-nivå (3) nådd for ETHUSDT – ingen ny kjøpsordre,0.0,0.0,0
2026-03-30 00:35:45,SOLUSDT,VENTER,81.77,0.0,0.0,0.0,Maks DCA-nivå (3) nådd for SOLUSDT – ingen ny kjøpsordre,0.0,0.0,0
2026-03-30 00:50:47,BTCUSDT,VENTER,65695.9,0.0,0.0,0.0,Maks DCA-nivå (3) nådd for BTCUSDT – ingen ny kjøpsordre,0.0,0.0,0
2026-03-30 00:50:47,ETHUSDT,VENTER,1967.87,0.0,0.0,0.0,Maks DCA-nivå (3) nådd for ETHUSDT – ingen ny kjøpsordre,0.0,0.0,0
2026-03-30 00:50:47,ETHUSDT,SELG,1945.0,0.1492,290.19,0.2902,"STOPLOSS utløst (-2.09% fra snitt 2,009.79)",-10.27,-3.2239,3
2026-03-30 00:50:47,SOLUSDT,VENTER,80.6,0.0,0.0,0.0,Maks DCA-nivå (3) nådd for SOLUSDT – ingen ny kjøpsordre,0.0,0.0,0
2026-03-30 00:50:48,SOLUSDT,SELG,79.5,3.625,287.79,0.2878,STOPLOSS utløst (-2.54% fra snitt 82.70),-12.21,-3.8733,3
2026-03-30 01:05:53,BTCUSDT,VENTER,65836.53,0.0,0.0,0.0,Maks DCA-nivå (3) nådd for BTCUSDT – ingen ny kjøpsordre,0.0,0.0,0
2026-03-30 01:05:53,ETHUSDT,VENTER,1973.09,0.0,0.0,0.0,Stoploss-cooldown aktiv – 15 min igjen før kjøp tillates,0.0,0.0,0
2026-03-30 01:05:53,SOLUSDT,VENTER,80.88,0.0,0.0,0.0,Stoploss-cooldown aktiv – 15 min igjen før kjøp tillates,0.0,0.0,0
2026-03-30 01:20:56,BTCUSDT,VENTER,66091.8,0.0,0.0,0.0,Maks DCA-nivå (3) nådd for BTCUSDT – ingen ny kjøpsordre,0.0,0.0,0
2026-03-30 01:20:57,ETHUSDT,KJØP,1989.82,0.0502,99.89,0.0999,"RSI=44.6 < 55, DCA#1 | Handelsbeløp: 99.89 USDT | Min salgspris: 1,993.80",0.0,0.0,1
2026-03-30 01:20:58,SOLUSDT,KJØP,81.52,1.226,99.94,0.0999,"RSI=43.3 < 55, DCA#1 | Handelsbeløp: 99.94 USDT | Min salgspris: 81.68",0.0,0.0,1
2026-03-30 01:36:01,BTCUSDT,VENTER,66026.32,0.0,0.0,0.0,Maks DCA-nivå (3) nådd for BTCUSDT – ingen ny kjøpsordre,0.0,0.0,0
2026-03-30 01:36:02,ETHUSDT,KJØP,1982.28,0.0504,99.91,0.0999,"RSI=43.7 < 55, DCA#2 | Handelsbeløp: 99.91 USDT | Min salgspris: 1,986.24",0.0,0.0,2
2026-03-30 01:36:03,SOLUSDT,KJØP,81.29,1.23,99.99,0.1,"RSI=44.9 < 55, DCA#2 | Handelsbeløp: 99.99 USDT | Min salgspris: 81.45",0.0,0.0,2
2026-03-30 01:51:05,BTCUSDT,VENTER,66019.84,0.0,0.0,0.0,Maks DCA-nivå (3) nådd for BTCUSDT – ingen ny kjøpsordre,0.0,0.0,0
2026-03-30 01:51:06,ETHUSDT,KJØP,1979.23,0.0505,99.95,0.1,"RSI=44.1 < 55, DCA#3 | Handelsbeløp: 99.95 USDT | Min salgspris: 1,983.19",0.0,0.0,3
2026-03-30 01:51:07,SOLUSDT,KJØP,81.3,1.23,100.0,0.1,"RSI=45.8 < 55, DCA#3 | Handelsbeløp: 100.00 USDT | Min salgspris: 81.46",0.0,0.0,3
2026-03-30 02:06:10,BTCUSDT,VENTER,66007.78,0.0,0.0,0.0,Maks DCA-nivå (3) nådd for BTCUSDT – ingen ny kjøpsordre,0.0,0.0,0
2026-03-30 02:06:10,ETHUSDT,VENTER,1984.7,0.0,0.0,0.0,Maks DCA-nivå (3) nådd for ETHUSDT – ingen ny kjøpsordre,0.0,0.0,0
2026-03-30 02:06:10,SOLUSDT,VENTER,81.42,0.0,0.0,0.0,Maks DCA-nivå (3) nådd for SOLUSDT – ingen ny kjøpsordre,0.0,0.0,0
2026-03-30 02:21:11,BTCUSDT,VENTER,65874.0,0.0,0.0,0.0,Maks DCA-nivå (3) nådd for BTCUSDT – ingen ny kjøpsordre,0.0,0.0,0
2026-03-30 02:21:11,ETHUSDT,VENTER,1983.97,0.0,0.0,0.0,Maks DCA-nivå (3) nådd for ETHUSDT – ingen ny kjøpsordre,0.0,0.0,0
2026-03-30 02:21:11,SOLUSDT,VENTER,81.25,0.0,0.0,0.0,Maks DCA-nivå (3) nådd for SOLUSDT – ingen ny kjøpsordre,0.0,0.0,0
2026-03-30 02:36:16,BTCUSDT,VENTER,66578.62,0.0,0.0,0.0,"Holder 3 posisjon(er) for BTCUSDT – RSI=56.4, endring=-0.21% fra snitt",0.0,0.0,0
2026-03-30 02:36:16,ETHUSDT,VENTER,2007.36,0.0,0.0,0.0,"Holder 3 posisjon(er) for ETHUSDT – RSI=59.9, endring=1.19% fra snitt",0.0,0.0,0
2026-03-30 02:36:16,SOLUSDT,VENTER,82.17,0.0,0.0,0.0,"Holder 3 posisjon(er) for SOLUSDT – RSI=58.4, endring=0.98% fra snitt",0.0,0.0,0
2026-03-30 02:51:19,BTCUSDT,VENTER,66328.73,0.0,0.0,0.0,Maks DCA-nivå (3) nådd for BTCUSDT – ingen ny kjøpsordre,0.0,0.0,0
2026-03-30 02:51:19,ETHUSDT,VENTER,1998.72,0.0,0.0,0.0,Maks DCA-nivå (3) nådd for ETHUSDT – ingen ny kjøpsordre,0.0,0.0,0
2026-03-30 02:51:19,SOLUSDT,VENTER,81.74,0.0,0.0,0.0,Maks DCA-nivå (3) nådd for SOLUSDT – ingen ny kjøpsordre,0.0,0.0,0
2026-03-30 03:06:23,BTCUSDT,VENTER,66294.75,0.0,0.0,0.0,Maks DCA-nivå (3) nådd for BTCUSDT – ingen ny kjøpsordre,0.0,0.0,0
2026-03-30 03:06:23,ETHUSDT,VENTER,1997.64,0.0,0.0,0.0,Maks DCA-nivå (3) nådd for ETHUSDT – ingen ny kjøpsordre,0.0,0.0,0
2026-03-30 03:06:23,SOLUSDT,VENTER,81.92,0.0,0.0,0.0,Maks DCA-nivå (3) nådd for SOLUSDT – ingen ny kjøpsordre,0.0,0.0,0
2026-03-30 03:21:26,BTCUSDT,VENTER,66390.56,0.0,0.0,0.0,Maks DCA-nivå (3) nådd for BTCUSDT – ingen ny kjøpsordre,0.0,0.0,0
2026-03-30 03:21:26,ETHUSDT,VENTER,2001.25,0.0,0.0,0.0,"Holder 3 posisjon(er) for ETHUSDT – RSI=55.1, endring=0.88% fra snitt",0.0,0.0,0
2026-03-30 03:21:26,SOLUSDT,VENTER,82.24,0.0,0.0,0.0,"Holder 3 posisjon(er) for SOLUSDT – RSI=58.0, endring=1.07% fra snitt",0.0,0.0,0
2026-03-30 03:36:30,BTCUSDT,VENTER,66617.14,0.0,0.0,0.0,"Holder 3 posisjon(er) for BTCUSDT – RSI=56.8, endring=-0.15% fra snitt",0.0,0.0,0
2026-03-30 03:36:30,ETHUSDT,VENTER,2008.17,0.0,0.0,0.0,"Holder 3 posisjon(er) for ETHUSDT – RSI=59.1, endring=1.23% fra snitt",0.0,0.0,0
2026-03-30 03:36:30,SOLUSDT,VENTER,82.55,0.0,0.0,0.0,"Holder 3 posisjon(er) for SOLUSDT – RSI=61.5, endring=1.45% fra snitt",0.0,0.0,0
2026-03-30 03:51:32,BTCUSDT,VENTER,66628.16,0.0,0.0,0.0,"Holder 3 posisjon(er) for BTCUSDT – RSI=57.0, endring=-0.13% fra snitt",0.0,0.0,0
2026-03-30 03:51:32,ETHUSDT,VENTER,2009.47,0.0,0.0,0.0,"Holder 3 posisjon(er) for ETHUSDT – RSI=59.8, endring=1.30% fra snitt",0.0,0.0,0
2026-03-30 03:51:32,SOLUSDT,VENTER,82.58,0.0,0.0,0.0,"Holder 3 posisjon(er) for SOLUSDT – RSI=61.8, endring=1.49% fra snitt",0.0,0.0,0
2026-03-30 04:06:36,BTCUSDT,VENTER,66638.93,0.0,0.0,0.0,"Holder 3 posisjon(er) for BTCUSDT – RSI=57.3, endring=-0.12% fra snitt",0.0,0.0,0
2026-03-30 04:06:36,ETHUSDT,VENTER,2010.44,0.0,0.0,0.0,"Holder 3 posisjon(er) for ETHUSDT – RSI=60.4, endring=1.34% fra snitt",0.0,0.0,0
2026-03-30 04:06:36,SOLUSDT,VENTER,82.71,0.0,0.0,0.0,"Holder 3 posisjon(er) for SOLUSDT – RSI=63.3, endring=1.65% fra snitt",0.0,0.0,0
2026-03-30 04:21:39,BTCUSDT,VENTER,66840.57,0.0,0.0,0.0,"Holder 3 posisjon(er) for BTCUSDT – RSI=61.5, endring=0.19% fra snitt",0.0,0.0,0
2026-03-30 04:21:39,ETHUSDT,SELG,2013.74,0.1511,304.28,0.3043,"RSI=65.1 > 65, lønnsomt salg (snitt 1,983.78)",3.93,1.5105,3
2026-03-30 04:21:40,SOLUSDT,SELG,82.79,3.686,304.67,0.3047,"RSI=65.9 > 65, lønnsomt salg (snitt 81.37)",4.63,1.7451,3
2026-03-30 04:36:44,BTCUSDT,VENTER,66726.87,0.0,0.0,0.0,"Holder 3 posisjon(er) for BTCUSDT – RSI=58.0, endring=0.02% fra snitt",0.0,0.0,0
2026-03-30 04:51:47,BTCUSDT,VENTER,67013.02,0.0,0.0,0.0,"Holder 3 posisjon(er) for BTCUSDT – RSI=63.6, endring=0.44% fra snitt",0.0,0.0,0
2026-03-30 05:06:52,BTCUSDT,SELG,67026.49,0.00448,299.61,0.2996,"RSI=65.5 > 65, lønnsomt salg (snitt 66,716.75)",0.79,0.4643,3
2026-03-30 11:38:12,BTCUSDT,KJØP,67501.1,0.00148,99.9,0.0999,"RSI=54.9 < 55, DCA#1 | Handelsbeløp: 99.90 USDT | Min salgspris: 67,636.10",0.0,0.0,1
2026-03-30 11:53:14,BTCUSDT,VENTER,67563.39,0.0,0.0,0.0,"Holder 1 posisjon(er) for BTCUSDT – RSI=56.3, endring=0.09% fra snitt",0.0,0.0,0
2026-03-30 12:08:19,BTCUSDT,KJØP,67460.01,0.00148,99.84,0.0998,"RSI=53.9 < 55, DCA#2 | Handelsbeløp: 99.84 USDT | Min salgspris: 67,594.93",0.0,0.0,2
2026-03-30 12:23:21,BTCUSDT,KJØP,67452.72,0.00148,99.83,0.0998,"RSI=51.4 < 55, DCA#3 | Handelsbeløp: 99.83 USDT | Min salgspris: 67,587.63",0.0,0.0,3
2026-03-30 12:38:26,BTCUSDT,VENTER,67424.43,0.0,0.0,0.0,Maks DCA-nivå (3) nådd for BTCUSDT – ingen ny kjøpsordre,0.0,0.0,0
2026-03-30 12:53:29,BTCUSDT,VENTER,67433.31,0.0,0.0,0.0,Maks DCA-nivå (3) nådd for BTCUSDT – ingen ny kjøpsordre,0.0,0.0,0
2026-03-30 12:53:30,ETHUSDT,KJØP,2055.16,0.0486,99.88,0.0999,"RSI=53.7 < 55, DCA#1 | Handelsbeløp: 99.88 USDT | Min salgspris: 2,059.27",0.0,0.0,1
2026-03-30 12:53:31,SOLUSDT,KJØP,83.85,1.192,99.95,0.0999,"RSI=50.0 < 55, DCA#1 | Handelsbeløp: 99.95 USDT | Min salgspris: 84.02",0.0,0.0,1
2026-03-30 13:08:36,BTCUSDT,VENTER,67484.15,0.0,0.0,0.0,Maks DCA-nivå (3) nådd for BTCUSDT – ingen ny kjøpsordre,0.0,0.0,0
2026-03-30 13:08:36,ETHUSDT,VENTER,2057.23,0.0,0.0,0.0,"Holder 1 posisjon(er) for ETHUSDT – RSI=59.0, endring=0.10% fra snitt",0.0,0.0,0
2026-03-30 13:08:37,SOLUSDT,KJØP,84.0,1.19,99.96,0.1,"RSI=52.7 < 55, DCA#2 | Handelsbeløp: 99.96 USDT | Min salgspris: 84.17",0.0,0.0,2
2026-03-30 13:23:40,BTCUSDT,VENTER,67585.96,0.0,0.0,0.0,"Holder 3 posisjon(er) for BTCUSDT – RSI=57.3, endring=0.17% fra snitt",0.0,0.0,0
2026-03-30 13:23:40,ETHUSDT,VENTER,2060.6,0.0,0.0,0.0,"Holder 1 posisjon(er) for ETHUSDT – RSI=61.8, endring=0.26% fra snitt",0.0,0.0,0
2026-03-30 13:23:40,SOLUSDT,VENTER,84.05,0.0,0.0,0.0,"Holder 2 posisjon(er) for SOLUSDT – RSI=56.2, endring=0.15% fra snitt",0.0,0.0,0
2026-03-30 13:38:46,BTCUSDT,VENTER,67674.14,0.0,0.0,0.0,"Holder 3 posisjon(er) for BTCUSDT – RSI=60.5, endring=0.30% fra snitt",0.0,0.0,0
2026-03-30 13:38:46,ETHUSDT,SELG,2067.49,0.0486,100.48,0.1005,"RSI=65.7 > 65, lønnsomt salg (snitt 2,055.16)",0.4,0.6,1
2026-03-30 13:38:46,SOLUSDT,VENTER,84.11,0.0,0.0,0.0,"Holder 2 posisjon(er) for SOLUSDT – RSI=57.6, endring=0.22% fra snitt",0.0,0.0,0
2026-03-30 13:53:49,BTCUSDT,VENTER,67594.85,0.0,0.0,0.0,"Holder 3 posisjon(er) for BTCUSDT – RSI=56.4, endring=0.18% fra snitt",0.0,0.0,0
2026-03-30 13:53:49,SOLUSDT,VENTER,84.16,0.0,0.0,0.0,"Holder 2 posisjon(er) for SOLUSDT – RSI=58.7, endring=0.28% fra snitt",0.0,0.0,0
2026-03-30 14:08:53,BTCUSDT,VENTER,67667.38,0.0,0.0,0.0,"Holder 3 posisjon(er) for BTCUSDT – RSI=59.2, endring=0.29% fra snitt",0.0,0.0,0
2026-03-30 14:08:53,SOLUSDT,VENTER,84.25,0.0,0.0,0.0,"Holder 2 posisjon(er) for SOLUSDT – RSI=60.8, endring=0.39% fra snitt",0.0,0.0,0
2026-03-30 14:23:57,BTCUSDT,SELG,67945.57,0.00444,301.0,0.301,"RSI=65.1 > 65, lønnsomt salg (snitt 67,471.28)",1.51,0.7029,3
2026-03-30 14:23:57,SOLUSDT,VENTER,84.35,0.0,0.0,0.0,"Holder 2 posisjon(er) for SOLUSDT – RSI=63.0, endring=0.51% fra snitt",0.0,0.0,0
2026-03-30 14:39:01,SOLUSDT,VENTER,84.18,0.0,0.0,0.0,"Holder 2 posisjon(er) for SOLUSDT – RSI=57.1, endring=0.30% fra snitt",0.0,0.0,0
2026-03-30 14:54:03,SOLUSDT,VENTER,84.52,0.0,0.0,0.0,"Holder 2 posisjon(er) for SOLUSDT – RSI=64.3, endring=0.71% fra snitt",0.0,0.0,0
2026-03-30 15:09:09,SOLUSDT,VENTER,84.52,0.0,0.0,0.0,"Holder 2 posisjon(er) for SOLUSDT – RSI=64.3, endring=0.71% fra snitt",0.0,0.0,0
2026-03-30 15:24:12,SOLUSDT,SELG,84.82,2.382,201.87,0.2019,"RSI=67.1 > 65, lønnsomt salg (snitt 83.93)",1.73,1.0664,2
2026-03-30 15:54:22,BTCUSDT,KJØP,67721.17,0.00147,99.55,0.0996,"RSI=54.5 < 55, DCA#1 | Handelsbeløp: 99.55 USDT | Min salgspris: 67,856.61",0.0,0.0,1
2026-03-30 15:54:23,SOLUSDT,KJØP,84.33,1.185,99.93,0.0999,"RSI=52.8 < 55, DCA#1 | Handelsbeløp: 99.93 USDT | Min salgspris: 84.50",0.0,0.0,1
2026-03-30 16:09:28,BTCUSDT,KJØP,67585.79,0.00147,99.35,0.0994,"RSI=45.9 < 55, DCA#2 | Handelsbeløp: 99.35 USDT | Min salgspris: 67,720.96",0.0,0.0,2
2026-03-30 16:09:29,ETHUSDT,KJØP,2064.7,0.0484,99.93,0.0999,"RSI=49.6 < 55, DCA#1 | Handelsbeløp: 99.93 USDT | Min salgspris: 2,068.83",0.0,0.0,1
2026-03-30 16:09:30,SOLUSDT,KJØP,84.38,1.185,99.99,0.1,"RSI=47.9 < 55, DCA#2 | Handelsbeløp: 99.99 USDT | Min salgspris: 84.55",0.0,0.0,2
2026-03-30 16:24:34,BTCUSDT,KJØP,67437.29,0.00148,99.81,0.0998,"RSI=52.6 < 55, DCA#3 | Handelsbeløp: 99.81 USDT | Min salgspris: 67,572.16",0.0,0.0,3
2026-03-30 16:24:34,ETHUSDT,VENTER,2068.33,0.0,0.0,0.0,"Holder 1 posisjon(er) for ETHUSDT – RSI=57.1, endring=0.18% fra snitt",0.0,0.0,0
2026-03-30 16:24:34,SOLUSDT,VENTER,84.48,0.0,0.0,0.0,"Holder 2 posisjon(er) for SOLUSDT – RSI=57.7, endring=0.15% fra snitt",0.0,0.0,0
2026-03-30 16:39:39,BTCUSDT,VENTER,67286.28,0.0,0.0,0.0,Maks DCA-nivå (3) nådd for BTCUSDT – ingen ny kjøpsordre,0.0,0.0,0
2026-03-30 16:39:40,ETHUSDT,KJØP,2049.73,0.0487,99.82,0.0998,"RSI=43.5 < 55, DCA#2 | Handelsbeløp: 99.82 USDT | Min salgspris: 2,053.83",0.0,0.0,2
2026-03-30 16:39:41,SOLUSDT,KJØP,83.87,1.192,99.97,0.1,"RSI=49.2 < 55, DCA#3 | Handelsbeløp: 99.97 USDT | Min salgspris: 84.04",0.0,0.0,3
2026-03-30 16:54:45,BTCUSDT,VENTER,67117.01,0.0,0.0,0.0,Maks DCA-nivå (3) nådd for BTCUSDT – ingen ny kjøpsordre,0.0,0.0,0
2026-03-30 16:54:46,ETHUSDT,KJØP,2064.32,0.0484,99.91,0.0999,"RSI=40.4 < 55, DCA#3 | Handelsbeløp: 99.91 USDT | Min salgspris: 2,068.45",0.0,0.0,3
2026-03-30 16:54:46,SOLUSDT,VENTER,83.75,0.0,0.0,0.0,Maks DCA-nivå (3) nådd for SOLUSDT – ingen ny kjøpsordre,0.0,0.0,0
2026-03-30 17:09:51,BTCUSDT,VENTER,67822.4,0.0,0.0,0.0,"Holder 3 posisjon(er) for BTCUSDT – RSI=55.9, endring=0.36% fra snitt",0.0,0.0,0
2026-03-30 17:09:51,ETHUSDT,VENTER,2072.33,0.0,0.0,0.0,"Holder 3 posisjon(er) for ETHUSDT – RSI=57.5, endring=0.62% fra snitt",0.0,0.0,0
2026-03-30 17:09:51,SOLUSDT,VENTER,84.41,0.0,0.0,0.0,Maks DCA-nivå (3) nådd for SOLUSDT – ingen ny kjøpsordre,0.0,0.0,0
2026-03-30 17:24:55,BTCUSDT,VENTER,67557.33,0.0,0.0,0.0,Maks DCA-nivå (3) nådd for BTCUSDT – ingen ny kjøpsordre,0.0,0.0,0
2026-03-30 17:24:55,ETHUSDT,VENTER,2066.85,0.0,0.0,0.0,Maks DCA-nivå (3) nådd for ETHUSDT – ingen ny kjøpsordre,0.0,0.0,0
2026-03-30 17:24:55,SOLUSDT,VENTER,84.13,0.0,0.0,0.0,Maks DCA-nivå (3) nådd for SOLUSDT – ingen ny kjøpsordre,0.0,0.0,0
2026-03-30 17:40:00,BTCUSDT,VENTER,67526.19,0.0,0.0,0.0,Maks DCA-nivå (3) nådd for BTCUSDT – ingen ny kjøpsordre,0.0,0.0,0
2026-03-30 17:40:00,ETHUSDT,VENTER,2067.8,0.0,0.0,0.0,Maks DCA-nivå (3) nådd for ETHUSDT – ingen ny kjøpsordre,0.0,0.0,0
2026-03-30 17:40:00,SOLUSDT,VENTER,84.12,0.0,0.0,0.0,Maks DCA-nivå (3) nådd for SOLUSDT – ingen ny kjøpsordre,0.0,0.0,0
2026-03-30 17:55:03,BTCUSDT,VENTER,67745.65,0.0,0.0,0.0,Maks DCA-nivå (3) nådd for BTCUSDT – ingen ny kjøpsordre,0.0,0.0,0
2026-03-30 17:55:03,ETHUSDT,VENTER,2075.36,0.0,0.0,0.0,"Holder 3 posisjon(er) for ETHUSDT – RSI=58.6, endring=0.77% fra snitt",0.0,0.0,0
2026-03-30 17:55:03,SOLUSDT,VENTER,84.7,0.0,0.0,0.0,"Holder 3 posisjon(er) for SOLUSDT – RSI=58.4, endring=0.60% fra snitt",0.0,0.0,0
2026-03-30 18:10:08,BTCUSDT,VENTER,67621.25,0.0,0.0,0.0,Maks DCA-nivå (3) nådd for BTCUSDT – ingen ny kjøpsordre,0.0,0.0,0
2026-03-30 18:10:08,ETHUSDT,VENTER,2074.08,0.0,0.0,0.0,"Holder 3 posisjon(er) for ETHUSDT – RSI=57.6, endring=0.70% fra snitt",0.0,0.0,0
2026-03-30 18:10:08,SOLUSDT,VENTER,84.49,0.0,0.0,0.0,Maks DCA-nivå (3) nådd for SOLUSDT – ingen ny kjøpsordre,0.0,0.0,0
2026-03-30 18:25:11,BTCUSDT,VENTER,67441.4,0.0,0.0,0.0,Maks DCA-nivå (3) nådd for BTCUSDT – ingen ny kjøpsordre,0.0,0.0,0
2026-03-30 18:25:11,ETHUSDT,VENTER,2068.68,0.0,0.0,0.0,Maks DCA-nivå (3) nådd for ETHUSDT – ingen ny kjøpsordre,0.0,0.0,0
2026-03-30 18:25:11,SOLUSDT,VENTER,84.3,0.0,0.0,0.0,Maks DCA-nivå (3) nådd for SOLUSDT – ingen ny kjøpsordre,0.0,0.0,0
2026-03-30 18:40:16,BTCUSDT,VENTER,67359.12,0.0,0.0,0.0,Maks DCA-nivå (3) nådd for BTCUSDT – ingen ny kjøpsordre,0.0,0.0,0
2026-03-30 18:40:16,ETHUSDT,VENTER,2064.59,0.0,0.0,0.0,Maks DCA-nivå (3) nådd for ETHUSDT – ingen ny kjøpsordre,0.0,0.0,0
2026-03-30 18:40:16,SOLUSDT,VENTER,84.11,0.0,0.0,0.0,Maks DCA-nivå (3) nådd for SOLUSDT – ingen ny kjøpsordre,0.0,0.0,0
2026-03-30 18:55:18,BTCUSDT,VENTER,67371.14,0.0,0.0,0.0,Maks DCA-nivå (3) nådd for BTCUSDT – ingen ny kjøpsordre,0.0,0.0,0
2026-03-30 18:55:18,ETHUSDT,VENTER,2064.95,0.0,0.0,0.0,Maks DCA-nivå (3) nådd for ETHUSDT – ingen ny kjøpsordre,0.0,0.0,0
2026-03-30 18:55:18,SOLUSDT,VENTER,84.1,0.0,0.0,0.0,Maks DCA-nivå (3) nådd for SOLUSDT – ingen ny kjøpsordre,0.0,0.0,0
2026-03-30 19:10:25,BTCUSDT,VENTER,67359.27,0.0,0.0,0.0,Maks DCA-nivå (3) nådd for BTCUSDT – ingen ny kjøpsordre,0.0,0.0,0
2026-03-30 19:10:25,ETHUSDT,VENTER,2065.8,0.0,0.0,0.0,Maks DCA-nivå (3) nådd for ETHUSDT – ingen ny kjøpsordre,0.0,0.0,0
2026-03-30 19:10:25,SOLUSDT,VENTER,84.21,0.0,0.0,0.0,Maks DCA-nivå (3) nådd for SOLUSDT – ingen ny kjøpsordre,0.0,0.0,0
2026-03-30 19:25:28,BTCUSDT,VENTER,67185.24,0.0,0.0,0.0,Maks DCA-nivå (3) nådd for BTCUSDT – ingen ny kjøpsordre,0.0,0.0,0
2026-03-30 19:25:28,ETHUSDT,VENTER,2059.61,0.0,0.0,0.0,Maks DCA-nivå (3) nådd for ETHUSDT – ingen ny kjøpsordre,0.0,0.0,0
2026-03-30 19:25:28,SOLUSDT,VENTER,83.91,0.0,0.0,0.0,Maks DCA-nivå (3) nådd for SOLUSDT – ingen ny kjøpsordre,0.0,0.0,0
2026-03-30 19:40:32,BTCUSDT,VENTER,66807.89,0.0,0.0,0.0,Maks DCA-nivå (3) nådd for BTCUSDT – ingen ny kjøpsordre,0.0,0.0,0
2026-03-30 19:40:32,ETHUSDT,VENTER,2041.2,0.0,0.0,0.0,Maks DCA-nivå (3) nådd for ETHUSDT – ingen ny kjøpsordre,0.0,0.0,0
2026-03-30 19:40:32,SOLUSDT,VENTER,83.4,0.0,0.0,0.0,Maks DCA-nivå (3) nådd for SOLUSDT – ingen ny kjøpsordre,0.0,0.0,0
2026-03-30 19:55:35,BTCUSDT,VENTER,66958.03,0.0,0.0,0.0,Maks DCA-nivå (3) nådd for BTCUSDT – ingen ny kjøpsordre,0.0,0.0,0
2026-03-30 19:55:35,ETHUSDT,VENTER,2047.0,0.0,0.0,0.0,Maks DCA-nivå (3) nådd for ETHUSDT – ingen ny kjøpsordre,0.0,0.0,0
2026-03-30 19:55:35,SOLUSDT,VENTER,83.45,0.0,0.0,0.0,Maks DCA-nivå (3) nådd for SOLUSDT – ingen ny kjøpsordre,0.0,0.0,0
2026-03-30 20:10:40,BTCUSDT,VENTER,66828.33,0.0,0.0,0.0,Maks DCA-nivå (3) nådd for BTCUSDT – ingen ny kjøpsordre,0.0,0.0,0
2026-03-30 20:10:40,ETHUSDT,VENTER,2041.48,0.0,0.0,0.0,Maks DCA-nivå (3) nådd for ETHUSDT – ingen ny kjøpsordre,0.0,0.0,0
2026-03-30 20:10:40,SOLUSDT,VENTER,83.27,0.0,0.0,0.0,Maks DCA-nivå (3) nådd for SOLUSDT – ingen ny kjøpsordre,0.0,0.0,0
2026-03-30 20:25:42,BTCUSDT,VENTER,66831.73,0.0,0.0,0.0,Maks DCA-nivå (3) nådd for BTCUSDT – ingen ny kjøpsordre,0.0,0.0,0
2026-03-30 20:25:42,ETHUSDT,VENTER,2039.4,0.0,0.0,0.0,Maks DCA-nivå (3) nådd for ETHUSDT – ingen ny kjøpsordre,0.0,0.0,0
2026-03-30 20:25:42,SOLUSDT,VENTER,83.11,0.0,0.0,0.0,Maks DCA-nivå (3) nådd for SOLUSDT – ingen ny kjøpsordre,0.0,0.0,0
